gallerypic/gallerypic10_t,121834,0331dd2acdd2de196a117a5d421db07e
gallerypic/gallerypic11,255168,fc0b9f31c7d58fbaa5f23d7e9ff6412f
gallerypic/gallerypic10,246054,f526d860237c1a933d395bd73259a80e
gallerypic/gallerypic1,256041,24f9942db6927910fc1528b22b8ce164
gallerypic/gallerypic17_t,128716,ef45c8c2cc8b3a7acda10f3eabf0e847
gallerypic/gallerypic20_t,132994,e034638a185cfb32919ccd3845893ff6
gallerypic/gallerypic2,249720,364773901cffa6810550d0cf9af84457
gallerypic/gallerypic18,250822,656aaf110c49add844a070e6ddee73ed
gallerypic/gallerypic17,238362,7036372906b31f238384e618d5ef98f5
gallerypic/gallerypic14_t,132270,8a8ff49a2fba530b99a3496fe22da2fd
gallerypic/gallerypic15_t,135403,db92f3ec49162ef5cec3b1e57c3d8e92
gallerypic/gallerypic1_t,132568,fae0f2c9e06cfa3dbb94cf7ad5356786
gallerypic/gallerypic11_t,131470,2b1e3eff770c15a4c5143d7f0621e300
gallerypic/gallerypic15,260828,8d24268df43ea74b60eec9d695613673
gallerypic/gallerypic14,259575,379e03d9e6cd9df3fd80ff91027871ca
gallerypic/gallerypic13_t,123849,642844da9e1dad26b9a9e793d779b9d8
gallerypic/gallerypic16_t,136465,4a51756a764893f1a13a7206da2b0f7c
gallerypic/gallerypic18_t,131956,c8396dc16fba04c8f7a3a78755a4ee27
gallerypic/gallerypic12,254785,0dea3489c260237bfad39a872bea4351
gallerypic/gallerypic16,263968,1a13bd91dd627003481b62de3266d3ea
gallerypic/gallerypic22,252723,507de20fd5255388aac933941a63b483
gallerypic/gallerypic32_t,137035,bf5220f4eb67f62c46da867fa4cb0a7d
gallerypic/gallerypic19_t,128751,c509d22a593002c4f7cc4cc04dae3169
gallerypic/gallerypic30_t,131203,911458fc8f20c01509f45eceeb97fcb3
gallerypic/gallerypic24_t,130483,955b5bde49987283b5c6475fe8199146
gallerypic/gallerypic37_t,129846,674c6288d364d46ffe021ba5606ec17e
gallerypic/gallerypic25,250864,7b16078551cc652c0a153daec5d84baf
gallerypic/gallerypic33,246739,97f65a4363c13d68ccc59f95351816c3
gallerypic/gallerypic23_t,135684,869bf94bb4f7e6e78f526984659c7f84
gallerypic/gallerypic34,240283,83ca4135e4f8c6e0e65db9642de2b54f
gallerypic/gallerypic37,258369,60e05b749c69427c3e7ad09f455e514d
gallerypic/gallerypic3_t,133704,cbd4fad31aefbda16decf26178b5f964
gallerypic/gallerypic38_t,133134,c41551d5c6c9c00d9f200fb353eba8a1
gallerypic/gallerypic39_t,133712,5bbbc1d3741f9aa713b18ef684fe3106
gallerypic/gallerypic34_t,129708,88e8349c514f32c0022802ff4bc40cef
gallerypic/gallerypic40,246473,fa323be0c91ec0851fc5a11e5743bfae
gallerypic/gallerypic38,260155,d468358a3e0ceceff775c4c7501d301a
gallerypic/gallerypic41_t,133214,daed012b3357972c8a45c79e8f42229b
gallerypic/gallerypic23,259860,b541653b8e780e4e4d56e72a468edaaa
gallerypic/gallerypic35_t,128313,90a58910199a8dc936392cf2f58f8ffa
gallerypic/gallerypic27,230373,79496d58e2ba29e4507475694dde44b0
gallerypic/gallerypic45_t,136782,a95c027d25cc4ce887535d99c9783bf4
gallerypic/gallerypic42_t,129704,4919224bc0ecd8d93fb1177ee6f5338d
gallerypic/gallerypic13,253553,5b500d0149fd09c0ed99f49279930d7b
gallerypic/gallerypic45,264009,e91ed946bacdef7080c1173e38997db8
gallerypic/gallerypic33_t,120329,aed0f51122035616e756f178b3898d36
gallerypic/gallerypic42,243911,0d9fd75a10daf591372c3ff0da5e5b50
gallerypic/gallerypic44_t,129182,e56b4491a451f191784890b0ea907946
gallerypic/gallerypic44,245633,561719ce52ca42ef50d1b2207079d78f
gallerypic/gallerypic35,244630,6d5faccad13fc2a64609a0da0da3cb85
gallerypic/gallerypic36_t,129931,ee59330e0dc14d9c128a15e402ba6257
gallerypic/gallerypic47_t,133896,7edc5a8f249394462bcec43a64bc9f43
gallerypic/gallerypic40_t,129564,21e2cd9948acffe7ffb9b6c1c18f3950
gallerypic/gallerypic46_t,129840,572172fb13dea3327aaddf87d1c53d06
gallerypic/gallerypic48_t,135543,0dbe5ffdeab229dc856c05734d333573
gallerypic/gallerypic46,242191,7abeab886c3fd15400132a8eaf05c1ba
gallerypic/gallerypic29,259638,3eb620f242b974f55ced635db86a15d1
gallerypic/gallerypic39,255062,720bd7ab2741bc74ca861ef5a0763fba
gallerypic/gallerypic4,240984,ee3ea5af20d8890fe509de91160bb030
gallerypic/gallerypic5,245432,bc45e1f5f4a2c2f62520fb3b655ddf1c
gallerypic/gallerypic47,257548,78a1509f96cc56be664683a379573e48
gallerypic/gallerypic2_t,132470,dcb4e382843afd1b72c14660b7143a27
gallerypic/gallerypic48,246642,2763a21eeccf0b49b9781b8ee53ab59c
gallerypic/gallerypic51,247221,4ed663da66b81f4def0bee7099291928
gallerypic/gallerypic4_t,121543,6df679f0cc71779e9f7e81a75b8575f0
gallerypic/gallerypic52_t,132933,e987830df755ec8b177f46091423f23b
gallerypic/gallerypic41,256736,4c256bd57cc5137c9b7b919e6fae36f2
gallerypic/gallerypic50,261759,81786343093a153462abd4273b13a17b
gallerypic/gallerypic43,263464,12fc7e42c5142b0bf02a0408d88c2b11
gallerypic/gallerypic55_t,131287,6e2a3df186ac584fae7f2c9ae6f6535e
gallerypic/gallerypic31_t,133338,7267aeab55f723490650595e0018b228
gallerypic/gallerypic6_t,127653,498bf01c2353303229b2bc3efecd1583
gallerypic/gallerypic5_t,124555,9d56afe93d6c24f0edd17fd668afb781
gallerypic/gallerypic54_t,121038,20ca9581010ab533cca307c808584533
gallerypic/gallerypic53_t,134992,5feca086db3e080b89578a228905ce11
gallerypic/gallerypic36,236861,05cabe93da542c77f205b89fa5fcab9c
gallerypic/gallerypic52,258872,adb30007e8c00fb747a60f6cb47fa03b
gallerypic/gallerypic8_t,128377,435ea65cd82dcdd2c3102ab7d9aecd57
gallerypic/gallerypic53,243260,e41f44021a0f9785ef0f04e0bdc65a99
gallerypic/gallerypic51_t,125823,555fd51ee87c38cf434d04f7ead4195f
gallerypic/gallerypic7_t,132911,6681509c1b869a72811623ee5977cf2c
gallerypic/gallerypic43_t,134108,2fdbc5b62e6325b59193405a9e3d6674
gallerypic/gallerypic6,254790,9bed0d18cae004b1787f6105b57519d7
gallerypic/gallerypic49,259485,6b59f24591d25a0a60e32846f0e4052f
gallerypic/gallerypic54,222395,511d12a49e5489f63f6765b3bbc45032
gallerypic/gallerypic49_t,135614,ba4dfcf3f6e85b88d451fd7b9893010b
gallerypic/gallerypic9_t,127861,8b37981d5537cfccae971e9fa951cacc
gallerypic/gallerypic50_t,135096,28db44283fa0b2e6b83bbc2d3728781d
gallerypic/gallerypic55,235650,1ed0d57086f792df1b4da0ddbb2d2a69
gallerypic/gallerypic9,251279,1de2d58dc660d87dfa8083f6cb0ec90b
gallerypic/gallerypic21_t,133840,8616cca471c1575a961689cd1173bcc3
gallerypic/gallerypic22_t,133576,3f86280534333b87db6b78e1e50c4a25
gallerypic/gallerypic12_t,128187,8264cd47877846204049bb9c1a4a25b0
gallerypic/gallerypic28_t,133779,8575403f1b8ee569fa09d19b8da5981a
gallerypic/gallerypic26_t,134221,a7ba40d3f52a1037abe72133338f1d22
gallerypic/gallerypic20,258319,625073c2a2270eabe195e0049ef1e338
gallerypic/gallerypic29_t,133671,7ca2995066305b603acc1e77a75b4102
gallerypic/gallerypic25_t,125727,e112dd5339affce190fdc8d2d41603cb
gallerypic/gallerypic27_t,130468,5ac29046b1ab5526ee04741145c682b9
gallerypic/gallerypic32,265735,325194f176e541abd4ded1fa864860f0
gallerypic/gallerypic28,259318,fab9980b229c63fb59e78ea84aadd60d
gallerypic/gallerypic3,260603,e4c967c724a8ef70996083213de8430b
gallerypic/gallerypic21,258081,6dc68f12935f017e1dddabf906bb621d
gallerypic/gallerypic26,261830,bfef30f3024c6d092cd2e03c2d6b1d3a
gallerypic/bg_3_t,129812,72f64dbdf6742151430dad2636c2b3a2
gallerypic/bg_6_t,133774,0ceea677fe6cc0e26e2a7c52de8677bd
gallerypic/bg_1_t,134863,b32cebc81248847825bb5c07f519e5f3
gallerypic/bg_5_t,134593,343b9b8ee79a0ba962143fa7f9fe1612
gallerypic/bg_12_t,137612,d2286bb2398ff02803f891ea74b9b8d4
gallerypic/bg_2_t,134466,729a7a322d6c5b2e6377f82f2749d841
gallerypic/bg_4_t,135246,4f32cb7a178525189d8f6586097d234c
gallerypic/bg_7_t,136306,a5304b8662bf6dbbcbb2ea0b5708c348
gallerypic/bg_9_t,134018,bbe4721b56fd90f0f4b08960277bdb25
gallerypic/bg_8_t,118747,244ed0dc48581b8bf2f98a0051ba7982
gallerypic/bg_7,838086,21aa2a1322d9833662b5ecd68533669f
gallerypic/bg_12,919632,25087c3e5e90086e68d8e876b690df76
gallerypic/bg_2,884506,650147c887006c31361cf9090516d7c4
gallerypic/bg_5,859254,9ced858f99cfa7291290f34fa0ac1812
gallerypic/bg_8,798430,b1b23c221436367253132584d91f0312
gallerypic/bg_9,861696,52f0a146302d2fa5da7fce31dc97a13b
gallerypic/bg_1,881854,eb886b088f1db699568358dca34a3845
gallerypic/bg_4,890429,5c0bce795e8d538cca7a5f7e00e74ad6
gallerypic/bg_10,870128,a6c5a77ecf20dda3dbf30d377cc0da8f
gallerypic/bg_6,884318,bde902ff89df9866e8804817d0d4048e
gallerypic/bg_10_t,132736,ca5ef9fa82546f1231799c04e9f8ff6b
gallerypic/bg_11,254303,bc27fd1ab559943308178eeace146e9e
gallerypic/bg_11_t,133929,1fd4f67209b61dbed9d09ff31a45ef1a
gallerypic/bg_3,838009,a881b4b18f811aea193881cde4ba7af4
gallerypic/gallerypic19,850354,12c449cdb7a73d12259cf1cbcbdfc015
gallerypic/gallerypic24,851637,70bd775ca1f355d909d80986556c0c56
gallerypic/gallerypic7,851165,b8b7304c223b3851cbaa41afa2aef234
gallerypic/gallerypic8,818617,373490dfda1ec9b8fa16fa515fddfe37
gallerypic/gallerypic31,853929,906770825327ef6f1bd844da9e4d5f50
gallerypic/gallerypic30,832845,5d7a3f128b88426fb683f37d8755a78c